bioma,variable,importancia
HUMEDO_NORTE,ndvi,0.35162300434240645
HUMEDO_NORTE,ndbi,0.18762588507769112
HUMEDO_NORTE,mndwi,0.06442324269208448
HUMEDO_NORTE,nbr,0.24578800646387036
HUMEDO_NORTE,swir1,0.15053986142394765
