bioma,variable,importancia
HUMEDO_SUR,ndvi,0.3414260107297061
HUMEDO_SUR,ndbi,0.22340305883152822
HUMEDO_SUR,mndwi,0.07280031789127782
HUMEDO_SUR,nbr,0.2209034684746207
HUMEDO_SUR,swir1,0.1414671440728673
