bioma,variable,importancia
SECO,ndvi,0.2779709219935318
SECO,ndbi,0.09592034454144444
SECO,mndwi,0.0428639310937387
SECO,nbr,0.1694213181778142
SECO,swir1,0.41382348419347087
